model_name,n_processes,repeat,execution_time_ms,total_parallel_time_ms,baseline_time_ms,speedup_factor,parallel_efficiency,scaling_type
Legacy Markov,1,0,963.9260769,963.9260769,122.7171421,0.127309703,0.127309703,task_parallel
Legacy Markov,1,1,878.6461353,878.6461353,122.7171421,0.139666172,0.139666172,task_parallel
Legacy Markov,1,2,874.6039867,874.6039867,122.7171421,0.140311666,0.140311666,task_parallel
Legacy Markov,1,3,887.034893,887.034893,122.7171421,0.138345338,0.138345338,task_parallel
Legacy Markov,1,4,891.3249969,891.3249969,122.7171421,0.137679458,0.137679458,task_parallel
Legacy Markov,2,0,461.7290497,923.4580994,122.7171421,0.265777391,0.132888695,task_parallel
Legacy Markov,2,1,466.1636353,932.3272705,122.7171421,0.263249067,0.131624534,task_parallel
Legacy Markov,2,2,480.5480242,961.0960484,122.7171421,0.255369153,0.127684577,task_parallel
Legacy Markov,2,3,464.1553164,928.3106327,122.7171421,0.2643881,0.13219405,task_parallel
Legacy Markov,2,4,453.853488,907.7069759,122.7171421,0.270389333,0.135194667,task_parallel
Legacy Markov,3,0,313.7900829,941.3702488,122.7171421,0.391080371,0.130360124,task_parallel
Legacy Markov,3,1,388.6450132,1165.93504,122.7171421,0.315756379,0.105252126,task_parallel
Legacy Markov,3,2,328.9593061,986.8779182,122.7171421,0.373046574,0.124348858,task_parallel
Legacy Markov,3,3,320.6863403,962.059021,122.7171421,0.382670313,0.127556771,task_parallel
Legacy Markov,3,4,311.1556371,933.4669113,122.7171421,0.394391512,0.131463837,task_parallel
Legacy Markov,4,0,258.2279444,1032.911777,122.7171421,0.475227971,0.118806993,task_parallel
Legacy Markov,4,1,234.436512,937.746048,122.7171421,0.523455758,0.13086394,task_parallel
Legacy Markov,4,2,238.6437058,954.5748234,122.7171421,0.514227441,0.12855686,task_parallel
Legacy Markov,4,3,249.0667701,996.2670803,122.7171421,0.492707807,0.123176952,task_parallel
Legacy Markov,4,4,259.1462135,1036.584854,122.7171421,0.473544029,0.118386007,task_parallel
Legacy Markov,5,0,201.82724,1009.1362,122.7171421,0.608030621,0.121606124,task_parallel
Legacy Markov,5,1,211.7303848,1058.651924,122.7171421,0.579591551,0.11591831,task_parallel
Legacy Markov,5,2,204.5583725,1022.791862,122.7171421,0.599912585,0.119982517,task_parallel
Legacy Markov,5,3,194.8730469,974.3652344,122.7171421,0.629728657,0.125945731,task_parallel
Legacy Markov,5,4,192.9030418,964.5152092,122.7171421,0.636159705,0.127231941,task_parallel
Legacy Markov,6,0,171.8715429,1031.229258,122.7171421,0.714005006,0.119000834,task_parallel
Legacy Markov,6,1,215.397795,1292.38677,122.7171421,0.569723298,0.094953883,task_parallel
Legacy Markov,6,2,170.0651248,1020.390749,122.7171421,0.72158911,0.120264852,task_parallel
Legacy Markov,6,3,168.6751445,1012.050867,122.7171421,0.72753542,0.121255903,task_parallel
Legacy Markov,6,4,170.4844634,1022.90678,122.7171421,0.719814226,0.119969038,task_parallel
Legacy Markov,7,0,179.3231283,1255.261898,122.7171421,0.684335274,0.097762182,task_parallel
Legacy Markov,7,1,149.4169916,1045.918941,122.7171421,0.821306471,0.117329496,task_parallel
Legacy Markov,7,2,166.3059848,1164.141893,122.7171421,0.737899735,0.105414248,task_parallel
Legacy Markov,7,3,152.7855737,1069.499016,122.7171421,0.80319849,0.114742641,task_parallel
Legacy Markov,7,4,149.4618484,1046.232939,122.7171421,0.821059979,0.117294283,task_parallel
Legacy Markov,8,0,144.2173719,1153.738976,122.7171421,0.850917892,0.106364736,task_parallel
Legacy Markov,8,1,134.4743669,1075.794935,122.7171421,0.912569027,0.114071128,task_parallel
Legacy Markov,8,2,129.3621361,1034.897089,122.7171421,0.94863262,0.118579077,task_parallel
Legacy Markov,8,3,137.450099,1099.600792,122.7171421,0.892812322,0.11160154,task_parallel
Legacy Markov,8,4,143.202275,1145.6182,122.7171421,0.856949668,0.107118709,task_parallel
Legacy Markov,9,0,157.9068767,1421.16189,122.7171421,0.777148815,0.086349868,task_parallel
Legacy Markov,9,1,161.5175406,1453.657866,122.7171421,0.759775945,0.084419549,task_parallel
Legacy Markov,9,2,133.9755588,1205.780029,122.7171421,0.915966637,0.101774071,task_parallel
Legacy Markov,9,3,139.8425632,1258.583069,122.7171421,0.877537849,0.097504205,task_parallel
Legacy Markov,9,4,174.4337612,1569.903851,122.7171421,0.703517148,0.078168572,task_parallel
Legacy Markov,10,0,187.8352165,1878.352165,122.7171421,0.653323399,0.06533234,task_parallel
Legacy Markov,10,1,161.6572857,1616.572857,122.7171421,0.759119155,0.075911915,task_parallel
Legacy Markov,10,2,162.6167059,1626.167059,122.7171421,0.754640438,0.075464044,task_parallel
Legacy Markov,10,3,177.0727873,1770.727873,122.7171421,0.693032193,0.069303219,task_parallel
Legacy Markov,10,4,133.7495804,1337.495804,122.7171421,0.917514221,0.091751422,task_parallel
Legacy Markov,11,0,131.0758374,1441.834211,122.7171421,0.936230083,0.085111826,task_parallel
Legacy Markov,11,1,122.9522011,1352.474213,122.7171421,0.998088208,0.090735292,task_parallel
Legacy Markov,11,2,159.1898311,1751.088142,122.7171421,0.77088556,0.070080505,task_parallel
Legacy Markov,11,3,371.3232821,4084.556103,122.7171421,0.330485989,0.030044181,task_parallel
Legacy Markov,11,4,946.6734366,10413.4078,122.7171421,0.129629857,0.011784532,task_parallel
Legacy Markov,12,0,301.3880849,3616.657019,122.7171421,0.407173171,0.033931098,task_parallel
Legacy Markov,12,1,252.6810169,3032.172203,122.7171421,0.485660314,0.040471693,task_parallel
Legacy Markov,12,2,256.2417388,3074.900866,122.7171421,0.478911604,0.0399093,task_parallel
Legacy Markov,12,3,227.003932,2724.047184,122.7171421,0.540594786,0.045049566,task_parallel
Legacy Markov,12,4,228.8057605,2745.669127,122.7171421,0.536337642,0.044694804,task_parallel
CTBN Markov,1,0,907.0148468,907.0148468,50.82082748,0.056030866,0.056030866,task_parallel
CTBN Markov,1,1,824.1882324,824.1882324,50.82082748,0.061661676,0.061661676,task_parallel
CTBN Markov,1,2,777.9130936,777.9130936,50.82082748,0.065329698,0.065329698,task_parallel
CTBN Markov,1,3,751.5189648,751.5189648,50.82082748,0.067624145,0.067624145,task_parallel
CTBN Markov,1,4,797.4257469,797.4257469,50.82082748,0.063731109,0.063731109,task_parallel
CTBN Markov,2,0,428.3624887,856.7249775,50.82082748,0.118639771,0.059319885,task_parallel
CTBN Markov,2,1,420.7129478,841.4258957,50.82082748,0.120796918,0.060398459,task_parallel
CTBN Markov,2,2,432.082057,864.164114,50.82082748,0.117618463,0.058809232,task_parallel
CTBN Markov,2,3,414.837122,829.6742439,50.82082748,0.122507907,0.061253953,task_parallel
CTBN Markov,2,4,401.9994736,803.9989471,50.82082748,0.126420134,0.063210067,task_parallel
CTBN Markov,3,0,321.2203185,963.6609554,50.82082748,0.158211746,0.052737249,task_parallel
CTBN Markov,3,1,360.4999383,1081.499815,50.82082748,0.140973193,0.046991064,task_parallel
CTBN Markov,3,2,471.0613092,1413.183928,50.82082748,0.107885803,0.035961934,task_parallel
CTBN Markov,3,3,560.5649948,1681.694984,50.82082748,0.090660009,0.030220003,task_parallel
CTBN Markov,3,4,541.712443,1625.137329,50.82082748,0.093815138,0.031271713,task_parallel
CTBN Markov,4,0,380.179286,1520.717144,50.82082748,0.133675951,0.033418988,task_parallel
CTBN Markov,4,1,456.0892582,1824.357033,50.82082748,0.111427372,0.027856843,task_parallel
CTBN Markov,4,2,369.078815,1476.31526,50.82082748,0.137696409,0.034424102,task_parallel
CTBN Markov,4,3,336.1715078,1344.686031,50.82082748,0.151175297,0.037793824,task_parallel
CTBN Markov,4,4,330.9820294,1323.928118,50.82082748,0.153545579,0.038386395,task_parallel
CTBN Markov,5,0,272.0279694,1360.139847,50.82082748,0.186822067,0.037364413,task_parallel
CTBN Markov,5,1,347.0020294,1735.010147,50.82082748,0.14645686,0.029291372,task_parallel
CTBN Markov,5,2,562.2404099,2811.202049,50.82082748,0.090389852,0.01807797,task_parallel
CTBN Markov,5,3,407.1298122,2035.649061,50.82082748,0.124827085,0.024965417,task_parallel
CTBN Markov,5,4,457.187748,2285.93874,50.82082748,0.111159644,0.022231929,task_parallel
CTBN Markov,6,0,590.3598468,3542.159081,50.82082748,0.086084492,0.014347415,task_parallel
CTBN Markov,6,1,708.5063457,4251.038074,50.82082748,0.07172953,0.011954922,task_parallel
CTBN Markov,6,2,452.8158108,2716.894865,50.82082748,0.112232891,0.018705482,task_parallel
CTBN Markov,6,3,452.4773359,2714.864016,50.82082748,0.112316846,0.018719474,task_parallel
CTBN Markov,6,4,480.2777767,2881.66666,50.82082748,0.105815488,0.017635915,task_parallel
CTBN Markov,7,0,483.0037185,3381.02603,50.82082748,0.105218294,0.015031185,task_parallel
CTBN Markov,7,1,888.1201403,6216.840982,50.82082748,0.05722292,0.008174703,task_parallel
CTBN Markov,7,2,1884.051119,13188.35783,50.82082748,0.02697423,0.003853461,task_parallel
CTBN Markov,7,3,558.9859826,3912.901878,50.82082748,0.090916104,0.012988015,task_parallel
CTBN Markov,7,4,712.3269694,4986.288786,50.82082748,0.071344803,0.010192115,task_parallel
CTBN Markov,8,0,610.5336249,4884.268999,50.82082748,0.083240014,0.010405002,task_parallel
CTBN Markov,8,1,404.5286179,3236.228943,50.82082748,0.125629746,0.015703718,task_parallel
CTBN Markov,8,2,208.4466219,1667.572975,50.82082748,0.243807393,0.030475924,task_parallel
CTBN Markov,8,3,209.520638,1676.165104,50.82082748,0.242557621,0.030319703,task_parallel
CTBN Markov,8,4,332.880348,2663.042784,50.82082748,0.152669954,0.019083744,task_parallel
CTBN Markov,9,0,161.2606578,1451.345921,50.82082748,0.315147093,0.035016344,task_parallel
CTBN Markov,9,1,175.9348975,1583.414078,50.82082748,0.288861552,0.032095728,task_parallel
CTBN Markov,9,2,197.9189979,1781.270981,50.82082748,0.256775893,0.028530655,task_parallel
CTBN Markov,9,3,249.3942314,2244.548082,50.82082748,0.203777077,0.022641897,task_parallel
CTBN Markov,9,4,152.4483098,1372.034788,50.82082748,0.333364322,0.03704048,task_parallel
CTBN Markov,10,0,154.9461126,1549.461126,50.82082748,0.327990336,0.032799034,task_parallel
CTBN Markov,10,1,149.0940809,1490.940809,50.82082748,0.340864152,0.034086415,task_parallel
CTBN Markov,10,2,143.0299997,1430.299997,50.82082748,0.355315861,0.035531586,task_parallel
CTBN Markov,10,3,163.3131027,1633.131027,50.82082748,0.311186467,0.031118647,task_parallel
CTBN Markov,10,4,176.7776012,1767.776012,50.82082748,0.287484541,0.028748454,task_parallel
CTBN Markov,11,0,144.9051987,1593.957186,50.82082748,0.350717765,0.031883433,task_parallel
CTBN Markov,11,1,140.1690136,1541.85915,50.82082748,0.362568204,0.032960746,task_parallel
CTBN Markov,11,2,154.1539106,1695.693016,50.82082748,0.329675889,0.029970535,task_parallel
CTBN Markov,11,3,1095.854001,12054.39401,50.82082748,0.046375546,0.004215959,task_parallel
CTBN Markov,11,4,,,50.82082748,,,task_parallel
CTBN Markov,12,0,,,50.82082748,,,task_parallel
CTBN Markov,12,1,,,50.82082748,,,task_parallel
CTBN Markov,12,2,,,50.82082748,,,task_parallel
CTBN Markov,12,3,,,50.82082748,,,task_parallel
CTBN Markov,12,4,,,50.82082748,,,task_parallel
Anticonvulsant Legacy Markov,1,0,1226.6891,1226.6891,494.6279526,0.403221935,0.403221935,task_parallel
Anticonvulsant Legacy Markov,1,1,1856.06885,1856.06885,494.6279526,0.266492244,0.266492244,task_parallel
Anticonvulsant Legacy Markov,1,2,4209.060192,4209.060192,494.6279526,0.117515058,0.117515058,task_parallel
Anticonvulsant Legacy Markov,1,3,3756.567001,3756.567001,494.6279526,0.131670206,0.131670206,task_parallel
Anticonvulsant Legacy Markov,1,4,3288.720131,3288.720131,494.6279526,0.150401352,0.150401352,task_parallel
Anticonvulsant Legacy Markov,2,0,1293.231487,2586.462975,494.6279526,0.382474412,0.191237206,task_parallel
Anticonvulsant Legacy Markov,2,1,1313.335061,2626.670122,494.6279526,0.376619773,0.188309887,task_parallel
Anticonvulsant Legacy Markov,2,2,995.5350161,1991.070032,494.6279526,0.496846364,0.248423182,task_parallel
Anticonvulsant Legacy Markov,2,3,1441.142082,2882.284164,494.6279526,0.343219422,0.171609711,task_parallel
Anticonvulsant Legacy Markov,2,4,1122.452974,2244.905949,494.6279526,0.440666971,0.220333486,task_parallel
Anticonvulsant Legacy Markov,3,0,737.5997702,2212.799311,494.6279526,0.670591251,0.223530417,task_parallel
Anticonvulsant Legacy Markov,3,1,834.9826336,2504.947901,494.6279526,0.592381126,0.197460375,task_parallel
Anticonvulsant Legacy Markov,3,2,785.6919765,2357.07593,494.6279526,0.62954436,0.20984812,task_parallel
Anticonvulsant Legacy Markov,3,3,679.639101,2038.917303,494.6279526,0.727780305,0.242593435,task_parallel
Anticonvulsant Legacy Markov,3,4,800.3042539,2400.912762,494.6279526,0.618049886,0.206016629,task_parallel
Anticonvulsant Legacy Markov,4,0,677.3869991,2709.547997,494.6279526,0.73019995,0.182549987,task_parallel
Anticonvulsant Legacy Markov,4,1,795.9340215,3183.736086,494.6279526,0.62144341,0.155360853,task_parallel
Anticonvulsant Legacy Markov,4,2,1788.858235,7155.43294,494.6279526,0.276504836,0.069126209,task_parallel
Anticonvulsant Legacy Markov,4,3,864.7271991,3458.908796,494.6279526,0.57200462,0.143001155,task_parallel
Anticonvulsant Legacy Markov,4,4,913.9252901,3655.70116,494.6279526,0.541212677,0.135303169,task_parallel
Anticonvulsant Legacy Markov,5,0,1554.171038,7770.855188,494.6279526,0.318258377,0.063651675,task_parallel
Anticonvulsant Legacy Markov,5,1,983.0157757,4915.078878,494.6279526,0.503173972,0.100634794,task_parallel
Anticonvulsant Legacy Markov,5,2,1225.339365,6126.696825,494.6279526,0.403666092,0.080733218,task_parallel
Anticonvulsant Legacy Markov,5,3,1082.567358,5412.83679,494.6279526,0.456902703,0.091380541,task_parallel
Anticonvulsant Legacy Markov,5,4,1550.958776,7754.793882,494.6279526,0.318917537,0.063783507,task_parallel
Anticonvulsant Legacy Markov,6,0,957.8273296,5746.963978,494.6279526,0.51640618,0.086067697,task_parallel
Anticonvulsant Legacy Markov,6,1,1201.839844,7211.039066,494.6279526,0.411558957,0.068593159,task_parallel
Anticonvulsant Legacy Markov,6,2,943.0591663,5658.354998,494.6279526,0.524493023,0.087415504,task_parallel
Anticonvulsant Legacy Markov,6,3,2577.594995,15465.56997,494.6279526,0.19189514,0.031982523,task_parallel
Anticonvulsant Legacy Markov,6,4,1680.038492,10080.23095,494.6279526,0.294414655,0.049069109,task_parallel
Anticonvulsant Legacy Markov,7,0,1509.84369,10568.90583,494.6279526,0.327602093,0.046800299,task_parallel
Anticonvulsant Legacy Markov,7,1,1415.581976,9909.07383,494.6279526,0.349416679,0.049916668,task_parallel
Anticonvulsant Legacy Markov,7,2,1283.362559,8983.537912,494.6279526,0.385415601,0.055059372,task_parallel
Anticonvulsant Legacy Markov,7,3,1096.702439,7676.917076,494.6279526,0.451013816,0.064430545,task_parallel
Anticonvulsant Legacy Markov,7,4,1123.929569,7867.506981,494.6279526,0.440088033,0.062869719,task_parallel
Anticonvulsant Legacy Markov,8,0,1101.693749,8813.549995,494.6279526,0.448970463,0.056121308,task_parallel
Anticonvulsant Legacy Markov,8,1,1304.36787,10434.94296,494.6279526,0.379208936,0.047401117,task_parallel
Anticonvulsant Legacy Markov,8,2,793.7782109,6350.225687,494.6279526,0.623131179,0.077891397,task_parallel
Anticonvulsant Legacy Markov,8,3,942.4541593,7539.633274,494.6279526,0.52482972,0.065603715,task_parallel
Anticonvulsant Legacy Markov,8,4,734.2489958,5873.991966,494.6279526,0.673651521,0.08420644,task_parallel
Anticonvulsant Legacy Markov,9,0,1521.494442,13693.44997,494.6279526,0.3250935,0.0361215,task_parallel
Anticonvulsant Legacy Markov,9,1,1017.036676,9153.330088,494.6279526,0.486342296,0.054038033,task_parallel
Anticonvulsant Legacy Markov,9,2,1101.498339,9913.48505,494.6279526,0.449050112,0.049894457,task_parallel
Anticonvulsant Legacy Markov,9,3,1299.486213,11695.37592,494.6279526,0.380633475,0.042292608,task_parallel
Anticonvulsant Legacy Markov,9,4,1438.43521,12945.91689,494.6279526,0.343865298,0.038207255,task_parallel
Anticonvulsant Legacy Markov,10,0,2172.165895,21721.65895,494.6279526,0.227711868,0.022771187,task_parallel
Anticonvulsant Legacy Markov,10,1,2722.577477,27225.77477,494.6279526,0.181676355,0.018167636,task_parallel
Anticonvulsant Legacy Markov,10,2,1220.575213,12205.75213,494.6279526,0.405241682,0.040524168,task_parallel
Anticonvulsant Legacy Markov,10,3,984.5018148,9845.018148,494.6279526,0.502414465,0.050241446,task_parallel
Anticonvulsant Legacy Markov,10,4,1220.68398,12206.8398,494.6279526,0.405205574,0.040520557,task_parallel
Anticonvulsant Legacy Markov,11,0,2100.08554,23100.94094,494.6279526,0.235527526,0.021411593,task_parallel
Anticonvulsant Legacy Markov,11,1,1748.122432,19229.34675,494.6279526,0.282948118,0.025722556,task_parallel
Anticonvulsant Legacy Markov,11,2,1098.266753,12080.93429,494.6279526,0.450371416,0.040942856,task_parallel
Anticonvulsant Legacy Markov,11,3,1113.42079,12247.62869,494.6279526,0.444241707,0.04038561,task_parallel
Anticonvulsant Legacy Markov,11,4,620.7278208,6828.006029,494.6279526,0.796851593,0.072441054,task_parallel
Anticonvulsant Legacy Markov,12,0,1152.975321,13835.70385,494.6279526,0.429001336,0.035750111,task_parallel
Anticonvulsant Legacy Markov,12,1,1785.269161,21423.22993,494.6279526,0.277060716,0.023088393,task_parallel
Anticonvulsant Legacy Markov,12,2,1334.039728,16008.47673,494.6279526,0.37077453,0.030897877,task_parallel
Anticonvulsant Legacy Markov,12,3,1657.50736,19890.08832,494.6279526,0.298416746,0.024868062,task_parallel
Anticonvulsant Legacy Markov,12,4,1400.871078,16810.45294,494.6279526,0.353085991,0.029423833,task_parallel
Anticonvulsant CTBN Markov,1,0,1804.182053,1804.182053,183.1121445,0.101493164,0.101493164,task_parallel
Anticonvulsant CTBN Markov,1,1,1543.514252,1543.514252,183.1121445,0.118633271,0.118633271,task_parallel
Anticonvulsant CTBN Markov,1,2,1574.007988,1574.007988,183.1121445,0.116334952,0.116334952,task_parallel
Anticonvulsant CTBN Markov,1,3,1557.596922,1557.596922,183.1121445,0.117560674,0.117560674,task_parallel
Anticonvulsant CTBN Markov,1,4,1253.777981,1253.777981,183.1121445,0.146048301,0.146048301,task_parallel
Anticonvulsant CTBN Markov,2,0,629.7684908,1259.536982,183.1121445,0.290761045,0.145380522,task_parallel
Anticonvulsant CTBN Markov,2,1,616.3394451,1232.67889,183.1121445,0.297096261,0.14854813,task_parallel
Anticonvulsant CTBN Markov,2,2,755.4594278,1510.918856,183.1121445,0.242385147,0.121192574,task_parallel
Anticonvulsant CTBN Markov,2,3,834.5321417,1669.064283,183.1121445,0.219418924,0.109709462,task_parallel
Anticonvulsant CTBN Markov,2,4,853.0564308,1706.112862,183.1121445,0.214654199,0.107327099,task_parallel
Anticonvulsant CTBN Markov,3,0,1116.654317,3349.96295,183.1121445,0.163982839,0.054660946,task_parallel
Anticonvulsant CTBN Markov,3,1,1018.758059,3056.274176,183.1121445,0.179740561,0.05991352,task_parallel
Anticonvulsant CTBN Markov,3,2,666.4876938,1999.463081,183.1121445,0.274741974,0.091580658,task_parallel
Anticonvulsant CTBN Markov,3,3,520.6549168,1561.96475,183.1121445,0.351695794,0.117231931,task_parallel
Anticonvulsant CTBN Markov,3,4,507.6150099,1522.84503,183.1121445,0.360730358,0.120243453,task_parallel
Anticonvulsant CTBN Markov,4,0,408.9402556,1635.761023,183.1121445,0.447772363,0.111943091,task_parallel
Anticonvulsant CTBN Markov,4,1,451.3142109,1805.256844,183.1121445,0.405730952,0.101432738,task_parallel
Anticonvulsant CTBN Markov,4,2,548.0312705,2192.125082,183.1121445,0.334127183,0.083531796,task_parallel
Anticonvulsant CTBN Markov,4,3,617.4274087,2469.709635,183.1121445,0.29657275,0.074143187,task_parallel
Anticonvulsant CTBN Markov,4,4,492.3824072,1969.529629,183.1121445,0.371890104,0.092972526,task_parallel
Anticonvulsant CTBN Markov,5,0,407.9752445,2039.876223,183.1121445,0.448831509,0.089766302,task_parallel
Anticonvulsant CTBN Markov,5,1,405.7010174,2028.505087,183.1121445,0.451347511,0.090269502,task_parallel
Anticonvulsant CTBN Markov,5,2,454.5144081,2272.572041,183.1121445,0.402874235,0.080574847,task_parallel
Anticonvulsant CTBN Markov,5,3,555.7287693,2778.643847,183.1121445,0.329499127,0.065899825,task_parallel
Anticonvulsant CTBN Markov,5,4,626.3185978,3131.592989,183.1121445,0.292362617,0.058472523,task_parallel
Anticonvulsant CTBN Markov,6,0,472.8231033,2836.93862,183.1121445,0.387274106,0.064545684,task_parallel
Anticonvulsant CTBN Markov,6,1,816.3510164,4898.106098,183.1121445,0.224305649,0.037384275,task_parallel
Anticonvulsant CTBN Markov,6,2,515.5085325,3093.051195,183.1121445,0.355206816,0.059201136,task_parallel
Anticonvulsant CTBN Markov,6,3,617.7428166,3706.4569,183.1121445,0.296421325,0.049403554,task_parallel
Anticonvulsant CTBN Markov,6,4,470.8583752,2825.150251,183.1121445,0.388890066,0.064815011,task_parallel
Anticonvulsant CTBN Markov,7,0,467.110157,3269.771099,183.1121445,0.392010625,0.056001518,task_parallel
Anticonvulsant CTBN Markov,7,1,743.0557183,5201.390028,183.1121445,0.246431243,0.035204463,task_parallel
Anticonvulsant CTBN Markov,7,2,968.6294283,6780.405998,183.1121445,0.189042516,0.027006074,task_parallel
Anticonvulsant CTBN Markov,7,3,889.3569538,6225.498676,183.1121445,0.205892745,0.029413249,task_parallel
Anticonvulsant CTBN Markov,7,4,1212.677036,8488.739252,183.1121445,0.150998278,0.021571183,task_parallel
Anticonvulsant CTBN Markov,8,0,583.7028921,4669.623137,183.1121445,0.31370779,0.039213474,task_parallel
Anticonvulsant CTBN Markov,8,1,483.9132428,3871.305943,183.1121445,0.378398705,0.047299838,task_parallel
Anticonvulsant CTBN Markov,8,2,460.9811008,3687.848806,183.1121445,0.397222672,0.049652834,task_parallel
Anticonvulsant CTBN Markov,8,3,403.5262465,3228.209972,183.1121445,0.453780011,0.056722501,task_parallel
Anticonvulsant CTBN Markov,8,4,416.9602394,3335.681915,183.1121445,0.439159726,0.054894966,task_parallel
Anticonvulsant CTBN Markov,9,0,508.4486802,4576.038122,183.1121445,0.360138892,0.040015432,task_parallel
Anticonvulsant CTBN Markov,9,1,707.7500025,6369.750023,183.1121445,0.258724329,0.028747148,task_parallel
Anticonvulsant CTBN Markov,9,2,1123.701016,10113.30914,183.1121445,0.162954506,0.018106056,task_parallel
Anticonvulsant CTBN Markov,9,3,809.639189,7286.752701,183.1121445,0.22616512,0.025129458,task_parallel
Anticonvulsant CTBN Markov,9,4,863.2335663,7769.102097,183.1121445,0.212123522,0.02356928,task_parallel
Anticonvulsant CTBN Markov,10,0,838.906312,8389.06312,183.1121445,0.218274844,0.021827484,task_parallel
Anticonvulsant CTBN Markov,10,1,446.7974901,4467.974901,183.1121445,0.409832527,0.040983253,task_parallel
Anticonvulsant CTBN Markov,10,2,397.6100922,3976.100922,183.1121445,0.460531933,0.046053193,task_parallel
Anticonvulsant CTBN Markov,10,3,361.51371,3615.1371,183.1121445,0.506515076,0.050651508,task_parallel
Anticonvulsant CTBN Markov,10,4,349.1925001,3491.925001,183.1121445,0.524387392,0.052438739,task_parallel
Anticonvulsant CTBN Markov,11,0,389.1976313,4281.173944,183.1121445,0.470486277,0.04277148,task_parallel
Anticonvulsant CTBN Markov,11,1,392.6812952,4319.494247,183.1121445,0.466312368,0.042392033,task_parallel
Anticonvulsant CTBN Markov,11,2,456.7755352,5024.530888,183.1121445,0.40087993,0.03644363,task_parallel
Anticonvulsant CTBN Markov,11,3,410.9597206,4520.556927,183.1121445,0.445572,0.040506545,task_parallel
Anticonvulsant CTBN Markov,11,4,605.8870012,6664.757013,183.1121445,0.302221609,0.027474692,task_parallel
Anticonvulsant CTBN Markov,12,0,1113.800665,13365.60798,183.1121445,0.164402976,0.013700248,task_parallel
Anticonvulsant CTBN Markov,12,1,1069.956501,12839.47802,183.1121445,0.171139803,0.01426165,task_parallel
Anticonvulsant CTBN Markov,12,2,590.7416542,7088.899851,183.1121445,0.309969922,0.025830827,task_parallel
Anticonvulsant CTBN Markov,12,3,679.8341473,8158.009768,183.1121445,0.26934826,0.022445688,task_parallel
Anticonvulsant CTBN Markov,12,4,853.0584971,10236.70197,183.1121445,0.214653679,0.017887807,task_parallel