model_name,scaling_factor,repeat,execution_time_ms,peak_memory_mb,weak_scaling_efficiency,scaling_type
Legacy Markov,1,0,143.9070702,118.8125,0.776286883,weak
Legacy Markov,1,1,163.9912128,118.140625,0.681214372,weak
Legacy Markov,1,2,108.8869572,152.359375,1.025955485,weak
Legacy Markov,1,3,108.8519096,155.125,1.026285817,weak
Legacy Markov,1,4,108.1528664,164.140625,1.032919189,weak
Legacy Markov,2,0,110.8388901,171.28125,1.007887854,weak
Legacy Markov,2,1,111.6361618,159.328125,1.000689823,weak
Legacy Markov,2,2,111.8032932,157.09375,0.999193922,weak
Legacy Markov,2,3,112.0488644,160.421875,0.997004045,weak
Legacy Markov,2,4,117.3057556,155.03125,0.952324721,weak
Legacy Markov,3,0,112.9002571,167.640625,0.989485532,weak
Legacy Markov,3,1,113.0359173,169.34375,0.988298,weak
Legacy Markov,3,2,110.252142,160.796875,1.013251707,weak
Legacy Markov,3,3,112.6561165,124.328125,0.991629878,weak
Legacy Markov,3,4,123.1267452,133.609375,0.907302234,weak
Legacy Markov,4,0,112.2219563,139.0625,0.995466259,weak
Legacy Markov,4,1,125.5280972,141.53125,0.889945546,weak
Legacy Markov,4,2,144.053936,128.578125,0.775495444,weak
Legacy Markov,4,3,175.112009,129.296875,0.637952654,weak
Legacy Markov,4,4,117.9890633,144.90625,0.946809542,weak
CTBN Markov,1,0,41.15009308,159.640625,1.296154024,weak
CTBN Markov,1,1,38.7430191,156.6875,1.376683077,weak
CTBN Markov,1,2,38.27786446,164.546875,1.393412603,weak
CTBN Markov,1,3,40.87018967,174.875,1.30503086,weak
CTBN Markov,1,4,38.78188133,184.265625,1.375303542,weak
CTBN Markov,2,0,39.96181488,187.984375,1.334695607,weak
CTBN Markov,2,1,40.08507729,175.296875,1.330591391,weak
CTBN Markov,2,2,40.21191597,192.609375,1.326394365,weak
CTBN Markov,2,3,39.32523727,188.375,1.356301003,weak
CTBN Markov,2,4,44.53706741,141.765625,1.197583538,weak
CTBN Markov,3,0,45.88222504,149.75,1.162473239,weak
CTBN Markov,3,1,39.56699371,172.78125,1.348013931,weak
CTBN Markov,3,2,39.4308567,180.953125,1.352668017,weak
CTBN Markov,3,3,39.52217102,165.65625,1.349542734,weak
CTBN Markov,3,4,42.85979271,137.609375,1.24444976,weak
CTBN Markov,4,0,38.022995,157.625,1.402752696,weak
CTBN Markov,4,1,41.31412506,182.78125,1.291007825,weak
CTBN Markov,4,2,40.45701027,180.6875,1.31835888,weak
CTBN Markov,4,3,39.60609436,170.46875,1.346683121,weak
CTBN Markov,4,4,37.76192665,173.484375,1.412450674,weak
Anticonvulsant Legacy Markov,1,0,397.7537155,194.921875,0.978532638,weak
Anticonvulsant Legacy Markov,1,1,389.5959854,196.609375,0.999022082,weak
Anticonvulsant Legacy Markov,1,2,390.9749985,220.5625,0.995498418,weak
Anticonvulsant Legacy Markov,1,3,388.0679607,228.84375,1.00295575,weak
Anticonvulsant Legacy Markov,1,4,392.9431438,226.21875,0.990512237,weak
Anticonvulsant Legacy Markov,2,0,389.2219067,172.671875,0.999982236,weak
Anticonvulsant Legacy Markov,2,1,395.9469795,189.5625,0.982997756,weak
Anticonvulsant Legacy Markov,2,2,394.4680691,204.109375,0.986683139,weak
Anticonvulsant Legacy Markov,2,3,394.744873,227.65625,0.985991254,weak
Anticonvulsant Legacy Markov,2,4,394.4518566,246.671875,0.986723693,weak
Anticonvulsant Legacy Markov,3,0,389.9018764,249.6875,0.998238316,weak
Anticonvulsant Legacy Markov,3,1,383.6939335,254.734375,1.014389227,weak
Anticonvulsant Legacy Markov,3,2,383.1880093,213.9375,1.015728528,weak
Anticonvulsant Legacy Markov,3,3,389.7931576,225.328125,0.998516739,weak
Anticonvulsant Legacy Markov,3,4,390.4502392,201.046875,0.996836353,weak
Anticonvulsant Legacy Markov,4,0,388.5188103,206.5625,1.001791888,weak
Anticonvulsant Legacy Markov,4,1,391.4430141,249.171875,0.994308184,weak
Anticonvulsant Legacy Markov,4,2,402.7431011,186.984375,0.96641008,weak
Anticonvulsant Legacy Markov,4,3,392.3771381,188.65625,0.991941055,weak
Anticonvulsant Legacy Markov,4,4,389.5120621,209.421875,0.999237329,weak
Anticonvulsant CTBN Markov,1,0,83.00185204,238.34375,1.026351846,weak
Anticonvulsant CTBN Markov,1,1,86.14611626,244.609375,0.988890826,weak
Anticonvulsant CTBN Markov,1,2,86.77220345,243.96875,0.981755686,weak
Anticonvulsant CTBN Markov,1,3,86.52019501,247.703125,0.984615257,weak
Anticonvulsant CTBN Markov,1,4,84.97476578,250.0625,1.002522376,weak
Anticonvulsant CTBN Markov,2,0,84.42211151,292.546875,1.009085209,weak
Anticonvulsant CTBN Markov,2,1,85.21699905,269.046875,0.99967266,weak
Anticonvulsant CTBN Markov,2,2,84.13219452,293.4375,1.012562487,weak
Anticonvulsant CTBN Markov,2,3,84.69200134,293.453125,1.005869536,weak
Anticonvulsant CTBN Markov,2,4,84.37085152,294.09375,1.009698285,weak
Anticonvulsant CTBN Markov,3,0,84.49888229,295.046875,1.008168413,weak
Anticonvulsant CTBN Markov,3,1,85.39009094,295.046875,0.997646251,weak
Anticonvulsant CTBN Markov,3,2,84.52987671,298.828125,1.00779875,weak
Anticonvulsant CTBN Markov,3,3,85.14213562,248.84375,1.000551648,weak
Anticonvulsant CTBN Markov,3,4,87.36586571,224.8125,0.97508453,weak
Anticonvulsant CTBN Markov,4,0,85.91604233,227.25,0.99153897,weak
Anticonvulsant CTBN Markov,4,1,86.15207672,233.203125,0.988822409,weak
Anticonvulsant CTBN Markov,4,2,86.27009392,239.703125,0.987469704,weak
Anticonvulsant CTBN Markov,4,3,85.47663689,257.234375,0.996636124,weak
Anticonvulsant CTBN Markov,4,4,84.34677124,275.34375,1.009986545,weak